indication,drug
Hormonal imbalance https://www.drugbank.ca/indications/DBCOND0021098,Progesterone https://www.drugbank.ca/DB00396
High drinking risk level (DRL) https://www.drugbank.ca/indications/DBCOND0106367,Nalmefene https://www.drugbank.ca/DB06230
Salicylate https://www.drugbank.ca/indications/DBCOND0025376,Phylloquinone https://www.drugbank.ca/DB01022
High Cholesterol https://www.drugbank.ca/indications/DBCOND0037835,Atorvastatin https://www.drugbank.ca/DB01076,Lovastatin https://www.drugbank.ca/DB00227,Simvastatin https://www.drugbank.ca/DB00641
Melasma https://www.drugbank.ca/indications/DBCOND0023820,Hydroquinone https://www.drugbank.ca/DB09526
Moderate Melasma https://www.drugbank.ca/indications/DBCOND0025747,Hydroquinone https://www.drugbank.ca/DB09526,Tretinoin https://www.drugbank.ca/DB00755
Severe Melasma https://www.drugbank.ca/indications/DBCOND0025746,Hydroquinone https://www.drugbank.ca/DB09526,Tretinoin https://www.drugbank.ca/DB00755
Dry Skin https://www.drugbank.ca/indications/DBCOND0036024,Dimethicone 410 https://www.drugbank.ca/DB14005,Linoleic acid https://www.drugbank.ca/DB14104,Palmitic Acid https://www.drugbank.ca/DB03796,Panthenol https://www.drugbank.ca/DB11204,Peanut oil https://www.drugbank.ca/DB13964
"Pain, Cancer https://www.drugbank.ca/indications/DBCOND0040613",Methotrimeprazine https://www.drugbank.ca/DB01403
Colorectal Cancers https://www.drugbank.ca/indications/DBCOND0063246,Acetylsalicylic acid https://www.drugbank.ca/DB00945,Pembrolizumab https://www.drugbank.ca/DB09037
Recurrent Ovarian Cancer https://www.drugbank.ca/indications/DBCOND0052931,Anastrozole https://www.drugbank.ca/DB01217
"Breast Cancer, Metastatic Breast Cancer https://www.drugbank.ca/indications/DBCOND0075188",Conjugated estrogens https://www.drugbank.ca/DB00286
Paralytic Ileus https://www.drugbank.ca/indications/DBCOND0047064,Panthenol https://www.drugbank.ca/DB11204
Prophylaxis of Paralytic ileus https://www.drugbank.ca/indications/DBCOND0023775,Panthenol https://www.drugbank.ca/DB11204
Ovarian Epithelial Cancer https://www.drugbank.ca/indications/DBCOND0054935,Letrozole https://www.drugbank.ca/DB01006,Melphalan https://www.drugbank.ca/DB01042,Niraparib https://www.drugbank.ca/DB11793,Olaparib https://www.drugbank.ca/DB09074
Ovarian Cancer Metastatic https://www.drugbank.ca/indications/DBCOND0068543,Cisplatin https://www.drugbank.ca/DB00515,Docetaxel https://www.drugbank.ca/DB01248,Doxorubicin https://www.drugbank.ca/DB00997,Hydroxyurea https://www.drugbank.ca/DB01005
Metastatic Testicular cancer https://www.drugbank.ca/indications/DBCOND0021456,Cisplatin https://www.drugbank.ca/DB00515
Advanced Ovarian Cancer https://www.drugbank.ca/indications/DBCOND0037926,Gemcitabine https://www.drugbank.ca/DB00441,Oxaliplatin https://www.drugbank.ca/DB00526,Paclitaxel https://www.drugbank.ca/DB01229,Rucaparib https://www.drugbank.ca/DB12332
Metastatic Anal cancer https://www.drugbank.ca/indications/DBCOND0021462,Cisplatin https://www.drugbank.ca/DB00515
Metastatic Medullary Thyroid Cancer https://www.drugbank.ca/indications/DBCOND0040045,Iodide I-131 https://www.drugbank.ca/DB09293,Vandetanib https://www.drugbank.ca/DB05294
Cancer of the Ovary https://www.drugbank.ca/indications/DBCOND0034847,Altretamine https://www.drugbank.ca/DB00488,Bleomycin https://www.drugbank.ca/DB00290,Dactinomycin https://www.drugbank.ca/DB00970,Etoposide https://www.drugbank.ca/DB00773,Ifosfamide https://www.drugbank.ca/DB01181,Irinotecan https://www.drugbank.ca/DB00762,Paclitaxel https://www.drugbank.ca/DB01229,Pemetrexed https://www.drugbank.ca/DB00642,Tamoxifen https://www.drugbank.ca/DB00675
Lung Cancers https://www.drugbank.ca/indications/DBCOND0072929,Cyclophosphamide https://www.drugbank.ca/DB00531
Metastatic Hepatic Cancer https://www.drugbank.ca/indications/DBCOND0111822,Floxuridine https://www.drugbank.ca/DB00322
Metastatic Biliary Tract Cancer https://www.drugbank.ca/indications/DBCOND0046438,Gemcitabine https://www.drugbank.ca/DB00441
Cancer chemotherapy https://www.drugbank.ca/indications/DBCOND0021396,Aprepitant https://www.drugbank.ca/DB00673,Granisetron https://www.drugbank.ca/DB00889,Nabilone https://www.drugbank.ca/DB00486
"Inoperable, metastatic Breast cancer https://www.drugbank.ca/indications/DBCOND0021988",Fluoxymesterone https://www.drugbank.ca/DB01185,Testosterone https://www.drugbank.ca/DB00624
"Refractory, metastatic Breast cancer https://www.drugbank.ca/indications/DBCOND0023213",Eribulin https://www.drugbank.ca/DB08871,Fulvestrant https://www.drugbank.ca/DB00947,Lapatinib https://www.drugbank.ca/DB01259,Palbociclib https://www.drugbank.ca/DB09073
"Cancer, Advanced https://www.drugbank.ca/indications/DBCOND0041606",Cannabidiol https://www.drugbank.ca/DB09061
Malignant Neoplasm of Colon https://www.drugbank.ca/indications/DBCOND0076899,Fluorouracil https://www.drugbank.ca/DB00544
Ovarian Cancer Stage III https://www.drugbank.ca/indications/DBCOND0074386,Altretamine https://www.drugbank.ca/DB00488
Lung Cancer Non-Small Cell Cancer (NSCLC) https://www.drugbank.ca/indications/DBCOND0046916,Cisplatin https://www.drugbank.ca/DB00515,Dacomitinib https://www.drugbank.ca/DB11963,Erlotinib https://www.drugbank.ca/DB00530,Etoposide https://www.drugbank.ca/DB00773,Irinotecan https://www.drugbank.ca/DB00762,Mitomycin https://www.drugbank.ca/DB00305,Paclitaxel https://www.drugbank.ca/DB01229,Vinblastine https://www.drugbank.ca/DB00570
Refractory Small cell lung cancer https://www.drugbank.ca/indications/DBCOND0021526,Cyclophosphamide https://www.drugbank.ca/DB00531,Paclitaxel https://www.drugbank.ca/DB01229
Non-Cancer Chronic Pain https://www.drugbank.ca/indications/DBCOND0086522,Methylnaltrexone https://www.drugbank.ca/DB06800
Refractory Advanced Ovarian Cancer https://www.drugbank.ca/indications/DBCOND0112032,Olaparib https://www.drugbank.ca/DB09074
"Refractory, advanced Breast cancer https://www.drugbank.ca/indications/DBCOND0023190",Anastrozole https://www.drugbank.ca/DB01217,Everolimus https://www.drugbank.ca/DB01590,Exemestane https://www.drugbank.ca/DB00990,Fulvestrant https://www.drugbank.ca/DB00947,Lapatinib https://www.drugbank.ca/DB01259,Palbociclib https://www.drugbank.ca/DB09073
"Refractory, metastatic Colorectal cancer https://www.drugbank.ca/indications/DBCOND0023209",Ramucirumab https://www.drugbank.ca/DB05578,Regorafenib https://www.drugbank.ca/DB08896
Lung Cancer Small Cell Lung Cancer (SCLC) https://www.drugbank.ca/indications/DBCOND0046917,Cisplatin https://www.drugbank.ca/DB00515,Docetaxel https://www.drugbank.ca/DB01248,Etoposide https://www.drugbank.ca/DB00773,Ifosfamide https://www.drugbank.ca/DB01181,Irinotecan https://www.drugbank.ca/DB00762,Methotrexate https://www.drugbank.ca/DB00563,Vincristine https://www.drugbank.ca/DB00541
Fallopian Tube Cancer https://www.drugbank.ca/indications/DBCOND0028487,Niraparib https://www.drugbank.ca/DB11793,Olaparib https://www.drugbank.ca/DB09074,Paclitaxel https://www.drugbank.ca/DB01229
Metastatic Hormone Refractory Prostate Cancer https://www.drugbank.ca/indications/DBCOND0036371,Cyproterone acetate https://www.drugbank.ca/DB04839,Docetaxel https://www.drugbank.ca/DB01248,Estramustine https://www.drugbank.ca/DB01196,Nilutamide https://www.drugbank.ca/DB00665
Duke&#39;s C Colon cancer https://www.drugbank.ca/indications/DBCOND0025424,Capecitabine https://www.drugbank.ca/DB01101
Metastatic Colorectal Cancers https://www.drugbank.ca/indications/DBCOND0063579,Aflibercept https://www.drugbank.ca/DB08885,Bevacizumab https://www.drugbank.ca/DB00112,Cetuximab https://www.drugbank.ca/DB00002,Levoleucovorin https://www.drugbank.ca/DB11596,Panitumumab https://www.drugbank.ca/DB01269,Tipiracil https://www.drugbank.ca/DB09343,Trifluridine https://www.drugbank.ca/DB00432
Advanced Gastric Cancer https://www.drugbank.ca/indications/DBCOND0036667,Gimeracil https://www.drugbank.ca/DB09257,Leucovorin https://www.drugbank.ca/DB00650,Oteracil https://www.drugbank.ca/DB03209,Ramucirumab https://www.drugbank.ca/DB05578,Tegafur https://www.drugbank.ca/DB09256
Ovarian Carcinoma https://www.drugbank.ca/indications/DBCOND0030071,Doxorubicin https://www.drugbank.ca/DB00997
Advanced Cervical Cancer https://www.drugbank.ca/indications/DBCOND0046846,Carboplatin https://www.drugbank.ca/DB00958,Paclitaxel https://www.drugbank.ca/DB01229
Advanced Thyroid cancer https://www.drugbank.ca/indications/DBCOND0023292,Axitinib https://www.drugbank.ca/DB06626,Pazopanib https://www.drugbank.ca/DB06589
Metastatic Uterine cancer https://www.drugbank.ca/indications/DBCOND0025469,Anastrozole https://www.drugbank.ca/DB01217
Refractory Cervical cancer https://www.drugbank.ca/indications/DBCOND0020546,Bevacizumab https://www.drugbank.ca/DB00112
Refractory Testicular cancer https://www.drugbank.ca/indications/DBCOND0021498,Etoposide https://www.drugbank.ca/DB00773,Oxaliplatin https://www.drugbank.ca/DB00526
Rectal Carcinoma https://www.drugbank.ca/indications/DBCOND0041015,Fluorouracil https://www.drugbank.ca/DB00544
Testicular Cancer https://www.drugbank.ca/indications/DBCOND0029824,Bleomycin https://www.drugbank.ca/DB00290
Locally Advanced Breast Cancer (LABC) https://www.drugbank.ca/indications/DBCOND0034432,Anastrozole https://www.drugbank.ca/DB01217,Docetaxel https://www.drugbank.ca/DB01248,Ixabepilone https://www.drugbank.ca/DB04845,Pertuzumab https://www.drugbank.ca/DB06366,Talazoparib https://www.drugbank.ca/DB11760
Advanced Colorectal Cancer https://www.drugbank.ca/indications/DBCOND0034287,Leucovorin https://www.drugbank.ca/DB00650,Levoleucovorin https://www.drugbank.ca/DB11596,Oxaliplatin https://www.drugbank.ca/DB00526,Raltitrexed https://www.drugbank.ca/DB00293
Advanced Endometrial Cancer https://www.drugbank.ca/indications/DBCOND0050728,Carboplatin https://www.drugbank.ca/DB00958,Doxorubicin https://www.drugbank.ca/DB00997,Megestrol acetate https://www.drugbank.ca/DB00351
Advanced Testicular cancer https://www.drugbank.ca/indications/DBCOND0021754,Carboplatin https://www.drugbank.ca/DB00958,Vinblastine https://www.drugbank.ca/DB00570
Cancer-associated hypercalcemia https://www.drugbank.ca/indications/DBCOND0106425,Bupivacaine https://www.drugbank.ca/DB00297
Prophylaxis of Cancer https://www.drugbank.ca/indications/DBCOND0112764,Linoleic acid https://www.drugbank.ca/DB14104
Refractory Breast cancer https://www.drugbank.ca/indications/DBCOND0021753,Vinblastine https://www.drugbank.ca/DB00570
Refractory peritoneal cancer https://www.drugbank.ca/indications/DBCOND0022762,Capecitabine https://www.drugbank.ca/DB01101
Severe Cancer pain https://www.drugbank.ca/indications/DBCOND0021807,Clonidine https://www.drugbank.ca/DB00575
Stage D2 Prostatic carcinoma https://www.drugbank.ca/indications/DBCOND0021415,Bicalutamide https://www.drugbank.ca/DB01128,Buserelin https://www.drugbank.ca/DB06719,Flutamide https://www.drugbank.ca/DB00499
"Hormone refractory, advanced Prostate cancer https://www.drugbank.ca/indications/DBCOND0022915",Mitoxantrone https://www.drugbank.ca/DB01204
Metastatic Non-Small Cell Lung Cancer https://www.drugbank.ca/indications/DBCOND0043377,Afatinib https://www.drugbank.ca/DB08916,Atezolizumab https://www.drugbank.ca/DB11595,Brigatinib https://www.drugbank.ca/DB12267,Crizotinib https://www.drugbank.ca/DB08865,Dacomitinib https://www.drugbank.ca/DB11963,Docetaxel https://www.drugbank.ca/DB01248,Erlotinib https://www.drugbank.ca/DB00530,Gefitinib https://www.drugbank.ca/DB00317,Necitumumab https://www.drugbank.ca/DB09559,Osimertinib https://www.drugbank.ca/DB09330,Paclitaxel https://www.drugbank.ca/DB01229
Advanced Pancreatic Cancer https://www.drugbank.ca/indications/DBCOND0045345,Cisplatin https://www.drugbank.ca/DB00515,Oxaliplatin https://www.drugbank.ca/DB00526
Advanced Prostate Cancer https://www.drugbank.ca/indications/DBCOND0043429,Degarelix https://www.drugbank.ca/DB06699,Histrelin https://www.drugbank.ca/DB06788,Leuprolide https://www.drugbank.ca/DB00007,Triptorelin https://www.drugbank.ca/DB06825
"Thyroidectomy, Thyroid cancer https://www.drugbank.ca/indications/DBCOND0020309",Thyrotropin alfa https://www.drugbank.ca/DB00024
Advanced Bladder cancer https://www.drugbank.ca/indications/DBCOND0021244,Carboplatin https://www.drugbank.ca/DB00958,Cisplatin https://www.drugbank.ca/DB00515,Gemcitabine https://www.drugbank.ca/DB00441,Paclitaxel https://www.drugbank.ca/DB01229
Inoperable Ovarian cancer https://www.drugbank.ca/indications/DBCOND0025356,Hydroxyurea https://www.drugbank.ca/DB01005
Nonmetastatic Prostate Cancer https://www.drugbank.ca/indications/DBCOND0112676,Apalutamide https://www.drugbank.ca/DB11901
Refractory Ovarian cancer https://www.drugbank.ca/indications/DBCOND0022758,Capecitabine https://www.drugbank.ca/DB01101
Colon Cancer Stage III https://www.drugbank.ca/indications/DBCOND0034227,Oxaliplatin https://www.drugbank.ca/DB00526
Node Positive Breast Cancer https://www.drugbank.ca/indications/DBCOND0032497,Docetaxel https://www.drugbank.ca/DB01248
Metastatic Castration Resistant Prostate Cancer https://www.drugbank.ca/indications/DBCOND0036665,Abiraterone https://www.drugbank.ca/DB05812,Enzalutamide https://www.drugbank.ca/DB08899,Prednisone https://www.drugbank.ca/DB00635
Metastatic Thymic Cancer https://www.drugbank.ca/indications/DBCOND0111896,Etoposide https://www.drugbank.ca/DB00773
Malignant Neoplasm of Stomach https://www.drugbank.ca/indications/DBCOND0045917,Capecitabine https://www.drugbank.ca/DB01101,Cisplatin https://www.drugbank.ca/DB00515,Fluorouracil https://www.drugbank.ca/DB00544,Irinotecan https://www.drugbank.ca/DB00762,Oxaliplatin https://www.drugbank.ca/DB00526,Paclitaxel https://www.drugbank.ca/DB01229
Hypokalaemia https://www.drugbank.ca/indications/DBCOND0015839,Amiloride https://www.drugbank.ca/DB00594,Potassium acetate https://www.drugbank.ca/DB14498,Potassium chloride https://www.drugbank.ca/DB00761,Spironolactone https://www.drugbank.ca/DB00421
Thymic Cancer https://www.drugbank.ca/indications/DBCOND0036007,Cisplatin https://www.drugbank.ca/DB00515
Stage B2 Prostatic Carcinoma https://www.drugbank.ca/indications/DBCOND0089462,Flutamide https://www.drugbank.ca/DB00499
Breast Cancer Metastatic https://www.drugbank.ca/indications/DBCOND0038198,Gemcitabine https://www.drugbank.ca/DB00441
Advanced Non-Small Cell Lung Cancer https://www.drugbank.ca/indications/DBCOND0030392,Carboplatin https://www.drugbank.ca/DB00958,Vinorelbine https://www.drugbank.ca/DB00361
Advanced Breast Cancer https://www.drugbank.ca/indications/DBCOND0031019,Abemaciclib https://www.drugbank.ca/DB12001,Goserelin https://www.drugbank.ca/DB00014,Letrozole https://www.drugbank.ca/DB01006,Megestrol acetate https://www.drugbank.ca/DB00351,Palbociclib https://www.drugbank.ca/DB09073,Ribociclib https://www.drugbank.ca/DB11730
Recurrent Endometrial Cancer https://www.drugbank.ca/indications/DBCOND0054384,Cisplatin https://www.drugbank.ca/DB00515
Moderately emetogenic cancer chemotherapy https://www.drugbank.ca/indications/DBCOND0021043,Palonosetron https://www.drugbank.ca/DB00377
Thyrotropin dependent Thyroid cancer https://www.drugbank.ca/indications/DBCOND0021309,Levothyroxine https://www.drugbank.ca/DB00451
"Cancer, Breast https://www.drugbank.ca/indications/DBCOND0054116",Anastrozole https://www.drugbank.ca/DB01217,Cisplatin https://www.drugbank.ca/DB00515,Conjugated estrogens https://www.drugbank.ca/DB00286,Cyclophosphamide https://www.drugbank.ca/DB00531,Fluorouracil https://www.drugbank.ca/DB00544,Ibandronate https://www.drugbank.ca/DB00710,Leuprolide https://www.drugbank.ca/DB00007,Methotrexate https://www.drugbank.ca/DB00563,Mitomycin https://www.drugbank.ca/DB00305,Neratinib https://www.drugbank.ca/DB11828,Pamidronic acid https://www.drugbank.ca/DB00282,Tamoxifen https://www.drugbank.ca/DB00675,Trastuzumab https://www.drugbank.ca/DB00072,Venlafaxine https://www.drugbank.ca/DB00285
Highly emetogenic cancer chemotherapy https://www.drugbank.ca/indications/DBCOND0021051,Palonosetron https://www.drugbank.ca/DB00377
Refractory falopian tube cancer https://www.drugbank.ca/indications/DBCOND0022760,Capecitabine https://www.drugbank.ca/DB01101
Lynch Syndrome https://www.drugbank.ca/indications/DBCOND0032992,Acetylsalicylic acid https://www.drugbank.ca/DB00945
C Prostatic Carcinoma https://www.drugbank.ca/indications/DBCOND0089463,Flutamide https://www.drugbank.ca/DB00499
"Non-small Cell Lung Cancer (NSCLC), Stage IV https://www.drugbank.ca/indications/DBCOND0087270",Gemcitabine https://www.drugbank.ca/DB00441
Metastatic Breast Cancer (MBC) https://www.drugbank.ca/indications/DBCOND0032947,Abemaciclib https://www.drugbank.ca/DB12001,Anastrozole https://www.drugbank.ca/DB01217,Bevacizumab https://www.drugbank.ca/DB00112,Capecitabine https://www.drugbank.ca/DB01101,Carboplatin https://www.drugbank.ca/DB00958,Docetaxel https://www.drugbank.ca/DB01248,Doxorubicin https://www.drugbank.ca/DB00997,Estradiol https://www.drugbank.ca/DB00783,"Estrogens, esterified https://www.drugbank.ca/DB09381",Ixabepilone https://www.drugbank.ca/DB04845,Lapatinib https://www.drugbank.ca/DB01259,Methyltestosterone https://www.drugbank.ca/DB06710,Mitoxantrone https://www.drugbank.ca/DB01204,Olaparib https://www.drugbank.ca/DB09074,Paclitaxel https://www.drugbank.ca/DB01229,Palbociclib https://www.drugbank.ca/DB09073,Pertuzumab https://www.drugbank.ca/DB06366,Ribociclib https://www.drugbank.ca/DB11730,Talazoparib https://www.drugbank.ca/DB11760,Tamoxifen https://www.drugbank.ca/DB00675,Toremifene https://www.drugbank.ca/DB00539,Trastuzumab https://www.drugbank.ca/DB00072,Vinorelbine https://www.drugbank.ca/DB00361
Metastatic Endometrial cancer https://www.drugbank.ca/indications/DBCOND0021457,Anastrozole https://www.drugbank.ca/DB01217,Cisplatin https://www.drugbank.ca/DB00515
Hepatobiliary Cancers https://www.drugbank.ca/indications/DBCOND0041878,Capecitabine https://www.drugbank.ca/DB01101,Cisplatin https://www.drugbank.ca/DB00515
Advanced Medullary thyroid cancer https://www.drugbank.ca/indications/DBCOND0022381,Dacarbazine https://www.drugbank.ca/DB00851
Metastatic nonseminomatous Testicular cancer https://www.drugbank.ca/indications/DBCOND0022542,Dactinomycin https://www.drugbank.ca/DB00970
"Refractory, metastatic Ovarian cancer https://www.drugbank.ca/indications/DBCOND0025385",Topotecan https://www.drugbank.ca/DB01030
Ocular Irritation https://www.drugbank.ca/indications/DBCOND0042226,Dextran https://www.drugbank.ca/DB09255,Glycerin https://www.drugbank.ca/DB09462,Hydrocortisone probutate https://www.drugbank.ca/DB14543,Hydrocortisone succinate https://www.drugbank.ca/DB14545,Propylene glycol https://www.drugbank.ca/DB01839,Tetryzoline https://www.drugbank.ca/DB06764,Zinc https://www.drugbank.ca/DB01593
Prostate Cancer https://www.drugbank.ca/indications/DBCOND0062462,Etoposide https://www.drugbank.ca/DB00773
Penile Cancer https://www.drugbank.ca/indications/DBCOND0028492,Bleomycin https://www.drugbank.ca/DB00290
Itching https://www.drugbank.ca/indications/DBCOND0024264,Bepotastine https://www.drugbank.ca/DB04890,Fluconazole https://www.drugbank.ca/DB00196,Hydrocortisone acetate https://www.drugbank.ca/DB14539,Hydrocortisone probutate https://www.drugbank.ca/DB14543,Synthetic Camphor https://www.drugbank.ca/DB14156,Zinc acetate https://www.drugbank.ca/DB14487
Cancer treatment https://www.drugbank.ca/indications/DBCOND0020788,Allopurinol https://www.drugbank.ca/DB00437,Dronabinol https://www.drugbank.ca/DB00470,Erythropoietin https://www.drugbank.ca/DB00016,Hyaluronidase (ovine) https://www.drugbank.ca/DB00070,Sodium ferric gluconate complex https://www.drugbank.ca/DB09517,Sucralfate https://www.drugbank.ca/DB00364,Testosterone undecanoate https://www.drugbank.ca/DB13946
Locally Advanced Non-Small Cell Lung Cancer https://www.drugbank.ca/indications/DBCOND0039376,Erlotinib https://www.drugbank.ca/DB00530,Gemcitabine https://www.drugbank.ca/DB00441,Paclitaxel https://www.drugbank.ca/DB01229,Vinorelbine https://www.drugbank.ca/DB00361
Endometrial Cancers https://www.drugbank.ca/indications/DBCOND0040363,Tamoxifen https://www.drugbank.ca/DB00675
"Refractory, metastatic Non small cell lung cancer https://www.drugbank.ca/indications/DBCOND0025490",Alectinib https://www.drugbank.ca/DB11363,Ceritinib https://www.drugbank.ca/DB09063,Docetaxel https://www.drugbank.ca/DB01248,Nivolumab https://www.drugbank.ca/DB09035,Pembrolizumab https://www.drugbank.ca/DB09037,Ramucirumab https://www.drugbank.ca/DB05578,Trastuzumab emtansine https://www.drugbank.ca/DB05773
Temporary pain https://www.drugbank.ca/indications/DBCOND0112770,Synthetic Camphor https://www.drugbank.ca/DB14156
Stage I Breast Carcinoma https://www.drugbank.ca/indications/DBCOND0059537,Anastrozole https://www.drugbank.ca/DB01217,Exemestane https://www.drugbank.ca/DB00990,Goserelin https://www.drugbank.ca/DB00014,Letrozole https://www.drugbank.ca/DB01006,Pertuzumab https://www.drugbank.ca/DB06366
Gastric Carcinoma https://www.drugbank.ca/indications/DBCOND0033196,Doxorubicin https://www.drugbank.ca/DB00997
Vulvar Cancers https://www.drugbank.ca/indications/DBCOND0046120,Bleomycin https://www.drugbank.ca/DB00290
Breakthrough Cancer Pain https://www.drugbank.ca/indications/DBCOND0042377,Fentanyl https://www.drugbank.ca/DB00813
Advanced Small cell lung cancer https://www.drugbank.ca/indications/DBCOND0022521,Carboplatin https://www.drugbank.ca/DB00958
Metastatic HR + HER2 - breast cancer https://www.drugbank.ca/indications/DBCOND0106218,Letrozole https://www.drugbank.ca/DB01006
Refractory Testicular germ cell cancer https://www.drugbank.ca/indications/DBCOND0022938,Paclitaxel https://www.drugbank.ca/DB01229
Advanced HR + HER2 - breast cancer https://www.drugbank.ca/indications/DBCOND0106217,Letrozole https://www.drugbank.ca/DB01006
Advanced Hormone-dependent prostate cancer https://www.drugbank.ca/indications/DBCOND0106455,Estradiol valerate https://www.drugbank.ca/DB13956
"Castration resistant, metastatic Prostate cancer https://www.drugbank.ca/indications/DBCOND0089490",Radium Ra 223 Dichloride https://www.drugbank.ca/DB08913
Locally advanced Medullary thyroid cancer https://www.drugbank.ca/indications/DBCOND0025580,Vandetanib https://www.drugbank.ca/DB05294
Relapsed platinum-sensitive Ovarian cancer https://www.drugbank.ca/indications/DBCOND0025576,Trabectedin https://www.drugbank.ca/DB05109
Primary Peritoneal Cancer https://www.drugbank.ca/indications/DBCOND0030277,Niraparib https://www.drugbank.ca/DB11793,Olaparib https://www.drugbank.ca/DB09074
Advanced Head and Neck Cancer https://www.drugbank.ca/indications/DBCOND0076376,Carboplatin https://www.drugbank.ca/DB00958,Paclitaxel https://www.drugbank.ca/DB01229
Locally Advanced Biliary Tract Cancer https://www.drugbank.ca/indications/DBCOND0046439,Gemcitabine https://www.drugbank.ca/DB00441
Advanced androgen dependent Prostate cancer https://www.drugbank.ca/indications/DBCOND0022319,Estradiol https://www.drugbank.ca/DB00783
"Cisplatin therapy, advanced ovarian cancer https://www.drugbank.ca/indications/DBCOND0023850",Amifostine https://www.drugbank.ca/DB01143
"Inoperable, advanced, metastatic Breast Cancer https://www.drugbank.ca/indications/DBCOND0112674",Testosterone enanthate https://www.drugbank.ca/DB13944
"Progressive, metastatic Medullary thyroid cancer https://www.drugbank.ca/indications/DBCOND0023951",Cabozantinib https://www.drugbank.ca/DB08875
Relapsed Small cell lung cancer https://www.drugbank.ca/indications/DBCOND0022641,Topotecan https://www.drugbank.ca/DB01030
Malignant Neoplasm of Pancreas https://www.drugbank.ca/indications/DBCOND0087260,Fluorouracil https://www.drugbank.ca/DB00544,Ifosfamide https://www.drugbank.ca/DB01181,Irinotecan https://www.drugbank.ca/DB00762
Breast Cancer Invasive Nos https://www.drugbank.ca/indications/DBCOND0033523,Raloxifene https://www.drugbank.ca/DB00481
Malignancies https://www.drugbank.ca/indications/DBCOND0034613,Dexamethasone https://www.drugbank.ca/DB01234,Linoleic acid https://www.drugbank.ca/DB14104,Lipegfilgrastim https://www.drugbank.ca/DB13200,Megestrol acetate https://www.drugbank.ca/DB00351,Methylprednisolone https://www.drugbank.ca/DB00959,Micafungin https://www.drugbank.ca/DB01141,Modafinil https://www.drugbank.ca/DB00745,Triamcinolone https://www.drugbank.ca/DB00620,Valaciclovir https://www.drugbank.ca/DB00577
Testicular Germ Cell Cancer https://www.drugbank.ca/indications/DBCOND0035375,Ifosfamide https://www.drugbank.ca/DB01181
"Asymptomatic, metastatic hormone-refractory Prostate cancer https://www.drugbank.ca/indications/DBCOND0023929",Sipuleucel-T https://www.drugbank.ca/DB06688
Progressive radioactive iodine-refractory Thyroid cancer https://www.drugbank.ca/indications/DBCOND0025780,Lenvatinib https://www.drugbank.ca/DB09078
Refractory Non-small cell lung cancer https://www.drugbank.ca/indications/DBCOND0025672,Vemurafenib https://www.drugbank.ca/DB08881
"Refractory, metastatic hormone-refractory Prostate cancer https://www.drugbank.ca/indications/DBCOND0025647",Cabazitaxel https://www.drugbank.ca/DB06772
Occasional Constipation https://www.drugbank.ca/indications/DBCOND0077413,Bisacodyl https://www.drugbank.ca/DB09020,Glycerin https://www.drugbank.ca/DB09462,Lactulose https://www.drugbank.ca/DB00581,Lubiprostone https://www.drugbank.ca/DB01046,Magnesium hydroxide https://www.drugbank.ca/DB09104,Magnesium sulfate https://www.drugbank.ca/DB00653,Methylcellulose https://www.drugbank.ca/DB11228,Polyethylene glycol https://www.drugbank.ca/DB09287,Pyridostigmine https://www.drugbank.ca/DB00545,Sennosides https://www.drugbank.ca/DB11365,Sodium lauryl sulfoacetate https://www.drugbank.ca/DB13157,"Sodium phosphate, monobasic, unspecified form https://www.drugbank.ca/DB14503",Sorbitol https://www.drugbank.ca/DB01638
Breast Cancer Stage III https://www.drugbank.ca/indications/DBCOND0052877,Epirubicin https://www.drugbank.ca/DB00445
Advanced Esophageal Cancers https://www.drugbank.ca/indications/DBCOND0029906,Carboplatin https://www.drugbank.ca/DB00958,Leucovorin https://www.drugbank.ca/DB00650
Metastatic MSI-H/dMMR colorectal cancer https://www.drugbank.ca/indications/DBCOND0112640,Ipilimumab https://www.drugbank.ca/DB06186
Metastatic radioactive iodine-refractory Thyroid cancer https://www.drugbank.ca/indications/DBCOND0025778,Lenvatinib https://www.drugbank.ca/DB09078
Recurrent platinum drug resistant Ovarian cancer https://www.drugbank.ca/indications/DBCOND0020553,Bevacizumab https://www.drugbank.ca/DB00112
Head and Neck Carcinoma https://www.drugbank.ca/indications/DBCOND0050085,Bleomycin https://www.drugbank.ca/DB00290,Cisplatin https://www.drugbank.ca/DB00515,Hydroxyurea https://www.drugbank.ca/DB01005,Ifosfamide https://www.drugbank.ca/DB01181,Methotrexate https://www.drugbank.ca/DB00563,Mitomycin https://www.drugbank.ca/DB00305
Breast Adenocarcinoma https://www.drugbank.ca/indications/DBCOND0029215,Thiotepa https://www.drugbank.ca/DB04572
Breast Cancer Stage II https://www.drugbank.ca/indications/DBCOND0035885,Epirubicin https://www.drugbank.ca/DB00445
"Recurrent, IV-B Cervical cancer https://www.drugbank.ca/indications/DBCOND0025384",Bevacizumab https://www.drugbank.ca/DB00112,Irinotecan https://www.drugbank.ca/DB00762,Pemetrexed https://www.drugbank.ca/DB00642,Topotecan https://www.drugbank.ca/DB01030,Vinorelbine https://www.drugbank.ca/DB00361
Merkel cell cancer https://www.drugbank.ca/indications/DBCOND0022309,Etoposide https://www.drugbank.ca/DB00773
Metastatic Bladder Cancer https://www.drugbank.ca/indications/DBCOND0054408,Docetaxel https://www.drugbank.ca/DB01248,Gemcitabine https://www.drugbank.ca/DB00441,Paclitaxel https://www.drugbank.ca/DB01229
Acute delayed Nausea caused by cancer chemotherapy https://www.drugbank.ca/indications/DBCOND0112734,Fosnetupitant https://www.drugbank.ca/DB14019
Metastatic nonsquamous non-small cell lung cancer https://www.drugbank.ca/indications/DBCOND0022053,Pembrolizumab https://www.drugbank.ca/DB09037,Pemetrexed https://www.drugbank.ca/DB00642
"Minimally symptomatic, metastatic hormone-refractory Prostate cancer https://www.drugbank.ca/indications/DBCOND0023930",Sipuleucel-T https://www.drugbank.ca/DB06688
Completely obstructive Non-small cell lung cancer https://www.drugbank.ca/indications/DBCOND0022196,Porfimer sodium https://www.drugbank.ca/DB00707
"Refractory, metastatic MSI-H/dMMR colorectal cancer https://www.drugbank.ca/indications/DBCOND0112651",Nivolumab https://www.drugbank.ca/DB09035
Recurrent Cervical Cancer https://www.drugbank.ca/indications/DBCOND0028795,Bevacizumab https://www.drugbank.ca/DB00112,Vinorelbine https://www.drugbank.ca/DB00361
Nonleukemic meningeal cancer https://www.drugbank.ca/indications/DBCOND0021724,Methotrexate https://www.drugbank.ca/DB00563
Pancreatic Cancer Metastatic https://www.drugbank.ca/indications/DBCOND0058909,Capecitabine https://www.drugbank.ca/DB01101,Erlotinib https://www.drugbank.ca/DB00530,Leucovorin https://www.drugbank.ca/DB00650
Metastatic Penile cancer https://www.drugbank.ca/indications/DBCOND0021461,Cisplatin https://www.drugbank.ca/DB00515,Paclitaxel https://www.drugbank.ca/DB01229
Anal Carcinoma https://www.drugbank.ca/indications/DBCOND0036463,Mitomycin https://www.drugbank.ca/DB00305
Acute delayed Vomiting caused by cancer chemotherapy https://www.drugbank.ca/indications/DBCOND0112736,Fosnetupitant https://www.drugbank.ca/DB14019
Locally recurrent radioactive iodine-refractory Thyroid cancer https://www.drugbank.ca/indications/DBCOND0025779,Lenvatinib https://www.drugbank.ca/DB09078
Microinvasive endobrachial Non-small cell lung cancer https://www.drugbank.ca/indications/DBCOND0022194,Porfimer sodium https://www.drugbank.ca/DB00707
"Non-myeloid malignancies, myelosuppressive anti-cancer drugs https://www.drugbank.ca/indications/DBCOND0020287",Pegfilgrastim https://www.drugbank.ca/DB00019
Nonsquamous cell Non-small cell lung cancer https://www.drugbank.ca/indications/DBCOND0020550,Bevacizumab https://www.drugbank.ca/DB00112
Partially obstructive Non-small cell lung cancer https://www.drugbank.ca/indications/DBCOND0022198,Porfimer sodium https://www.drugbank.ca/DB00707
Recurrent platinum drug resistant Fallopian tube cancer https://www.drugbank.ca/indications/DBCOND0089459,Bevacizumab https://www.drugbank.ca/DB00112
Recurrent platinum drug resistant primary peritoneal cancer https://www.drugbank.ca/indications/DBCOND0020559,Bevacizumab https://www.drugbank.ca/DB00112
Thyroid Cancers https://www.drugbank.ca/indications/DBCOND0063689,Liothyronine https://www.drugbank.ca/DB00279,Sunitinib https://www.drugbank.ca/DB01268
Locally advanced untreated non small cell lung cancer https://www.drugbank.ca/indications/DBCOND0025494,Docetaxel https://www.drugbank.ca/DB01248
"Refractory, locally advanced Non small cell lung cancer https://www.drugbank.ca/indications/DBCOND0025489",Docetaxel https://www.drugbank.ca/DB01248
Inflammatory carcinoma of the breast https://www.drugbank.ca/indications/DBCOND0017409,Pertuzumab https://www.drugbank.ca/DB06366
Bladder Cancers https://www.drugbank.ca/indications/DBCOND0050427,Ifosfamide https://www.drugbank.ca/DB01181,Leucovorin https://www.drugbank.ca/DB00650,Methotrexate https://www.drugbank.ca/DB00563,Mitomycin https://www.drugbank.ca/DB00305,Vinblastine https://www.drugbank.ca/DB00570
Cervical Cancers https://www.drugbank.ca/indications/DBCOND0032507,Bleomycin https://www.drugbank.ca/DB00290,Cisplatin https://www.drugbank.ca/DB00515,Ifosfamide https://www.drugbank.ca/DB01181,Mitomycin https://www.drugbank.ca/DB00305,Pembrolizumab https://www.drugbank.ca/DB09037
Adenocarcinoma of the Ovaries https://www.drugbank.ca/indications/DBCOND0038690,Cyclophosphamide https://www.drugbank.ca/DB00531,Thiotepa https://www.drugbank.ca/DB04572
Locally Advanced Pancreatic Cancer https://www.drugbank.ca/indications/DBCOND0040768,Erlotinib https://www.drugbank.ca/DB00530
"Refractory, locally advanced Non-small cell lung cancer https://www.drugbank.ca/indications/DBCOND0025689",Ceritinib https://www.drugbank.ca/DB09063
Malignant Solid Tumours https://www.drugbank.ca/indications/DBCOND0053117,Larotrectinib https://www.drugbank.ca/DB14723
Metastatic Endometrial carcinoma https://www.drugbank.ca/indications/DBCOND0021883,Medroxyprogesterone acetate https://www.drugbank.ca/DB00603
Locally advanced nonsquamous non-small cell lung cancer https://www.drugbank.ca/indications/DBCOND0022054,Pemetrexed https://www.drugbank.ca/DB00642
"Refractory, metastatic squamous cell Non-small cell lung cancer https://www.drugbank.ca/indications/DBCOND0023505",Afatinib https://www.drugbank.ca/DB08916
Acute delayed Nausea caused by highly emetogenic cancer chemotherapy https://www.drugbank.ca/indications/DBCOND0112738,Fosnetupitant https://www.drugbank.ca/DB14019
Acute delayed Vomiting caused by highly emetogenic cancer chemotherapy https://www.drugbank.ca/indications/DBCOND0112740,Fosnetupitant https://www.drugbank.ca/DB14019
Advanced deleterious germline or somatic BRCA-mutated peritoneal cancer https://www.drugbank.ca/indications/DBCOND0116834,Olaparib https://www.drugbank.ca/DB09074
Urothelial carcinoma ureter metastatic https://www.drugbank.ca/indications/DBCOND0089354,Atezolizumab https://www.drugbank.ca/DB11595,Durvalumab https://www.drugbank.ca/DB11714,Pembrolizumab https://www.drugbank.ca/DB09037,Pemetrexed https://www.drugbank.ca/DB00642
Thyroid Carcinoma https://www.drugbank.ca/indications/DBCOND0032753,Doxorubicin https://www.drugbank.ca/DB00997,Iodide I-131 https://www.drugbank.ca/DB09293
"Doxorubicin dose of &gt;300 mg/m2, Metastatic breast cancer https://www.drugbank.ca/indications/DBCOND0021056",Dexrazoxane https://www.drugbank.ca/DB00380
Dental Cavity https://www.drugbank.ca/indications/DBCOND0068550,Alcloxa https://www.drugbank.ca/DB11205,Nicotine https://www.drugbank.ca/DB00184,Sodium fluorophosphate https://www.drugbank.ca/DB09484,Stannous fluoride https://www.drugbank.ca/DB11092,Triclosan https://www.drugbank.ca/DB08604
Hypercalcemia of Malignancy https://www.drugbank.ca/indications/DBCOND0028695,Betamethasone https://www.drugbank.ca/DB00443,Clodronic acid https://www.drugbank.ca/DB00720,Cortisone acetate https://www.drugbank.ca/DB01380,Hydrocortisone https://www.drugbank.ca/DB00741,Ibandronate https://www.drugbank.ca/DB00710,Pamidronic acid https://www.drugbank.ca/DB00282,Prednisolone https://www.drugbank.ca/DB00860,Prednisone https://www.drugbank.ca/DB00635,Risedronic acid https://www.drugbank.ca/DB00884,Zoledronic acid https://www.drugbank.ca/DB00399
Advanced deleterious germline or somatic BRCA-mutated fallopian tube cancer https://www.drugbank.ca/indications/DBCOND0116832,Olaparib https://www.drugbank.ca/DB09074
Stage M1 hormone dependent carcinoma of the prostate https://www.drugbank.ca/indications/DBCOND0020271,Goserelin https://www.drugbank.ca/DB00014
Invasive Breast Carcinoma https://www.drugbank.ca/indications/DBCOND0031787,Tamoxifen https://www.drugbank.ca/DB00675
Advanced deleterious germline or somatic BRCA-mutated advanced epthelial ovarian cancer https://www.drugbank.ca/indications/DBCOND0116830,Olaparib https://www.drugbank.ca/DB09074
"Radiation therapy, Head and neck cancer https://www.drugbank.ca/indications/DBCOND0025755",Amifostine https://www.drugbank.ca/DB01143
Esophageal Cancers https://www.drugbank.ca/indications/DBCOND0045726,Capecitabine https://www.drugbank.ca/DB01101,Cisplatin https://www.drugbank.ca/DB00515,Docetaxel https://www.drugbank.ca/DB01248,Irinotecan https://www.drugbank.ca/DB00762,Oxaliplatin https://www.drugbank.ca/DB00526,Paclitaxel https://www.drugbank.ca/DB01229,Porfimer sodium https://www.drugbank.ca/DB00707,Vinorelbine https://www.drugbank.ca/DB00361
"Progressive, metastatic Anaplastic lymphoma kinase-positive Metastatic Non-Small Cell Lung Cancer https://www.drugbank.ca/indications/DBCOND0115978",Lorlatinib https://www.drugbank.ca/DB12130
Metastatic Brain Tumors https://www.drugbank.ca/indications/DBCOND0058867,Carmustine https://www.drugbank.ca/DB00262,Lomustine https://www.drugbank.ca/DB01206,Prednisone https://www.drugbank.ca/DB00635,Triamcinolone https://www.drugbank.ca/DB00620
Metastatic Squamous Cell Carcinoma of the Head and Neck https://www.drugbank.ca/indications/DBCOND0075353,Cetuximab https://www.drugbank.ca/DB00002
Malignant Peritoneal Neoplasm https://www.drugbank.ca/indications/DBCOND0073968,Olaparib https://www.drugbank.ca/DB09074,Paclitaxel https://www.drugbank.ca/DB01229
"Carcinoma, Bronchogenic https://www.drugbank.ca/indications/DBCOND0031061",Doxorubicin https://www.drugbank.ca/DB00997,Mechlorethamine https://www.drugbank.ca/DB00888
Papillary transitional cell carcinoma of bladder https://www.drugbank.ca/indications/DBCOND0089350,Thiotepa https://www.drugbank.ca/DB04572
Acne Vulgaris https://www.drugbank.ca/indications/DBCOND0029828,Adapalene https://www.drugbank.ca/DB00210,Azelaic acid https://www.drugbank.ca/DB00548,Benzoyl peroxide https://www.drugbank.ca/DB09096,Clindamycin https://www.drugbank.ca/DB01190,Dapsone https://www.drugbank.ca/DB00250,Drospirenone https://www.drugbank.ca/DB01395,Erythromycin https://www.drugbank.ca/DB00199,Flutamide https://www.drugbank.ca/DB00499,Prednisone https://www.drugbank.ca/DB00635,Sulfacetamide https://www.drugbank.ca/DB00634,Tretinoin https://www.drugbank.ca/DB00755,Triamcinolone https://www.drugbank.ca/DB00620
Varicella https://www.drugbank.ca/indications/DBCOND0013835,Measles virus strain enders&#39; attenuated edmonston live antigen https://www.drugbank.ca/DB10315,Mumps virus strain b level jeryl lynn live antigen https://www.drugbank.ca/DB10316,Rubella virus vaccine https://www.drugbank.ca/DB10317
Squamous Cell Carcinoma of Lung https://www.drugbank.ca/indications/DBCOND0066692,Methotrexate https://www.drugbank.ca/DB00563
Orofacial Pain https://www.drugbank.ca/indications/DBCOND0030075,Benzyl alcohol https://www.drugbank.ca/DB06770,Levomenthol https://www.drugbank.ca/DB00825,Nortriptyline https://www.drugbank.ca/DB00540
Mumps https://www.drugbank.ca/indications/DBCOND0001978,Measles virus strain enders&#39; attenuated edmonston live antigen https://www.drugbank.ca/DB10315,Mumps virus strain b level jeryl lynn live antigen https://www.drugbank.ca/DB10316,Rubella virus vaccine https://www.drugbank.ca/DB10317
Rubella https://www.drugbank.ca/indications/DBCOND0013737,Measles virus strain enders&#39; attenuated edmonston live antigen https://www.drugbank.ca/DB10315,Mumps virus strain b level jeryl lynn live antigen https://www.drugbank.ca/DB10316,Rubella virus vaccine https://www.drugbank.ca/DB10317
Rubeola https://www.drugbank.ca/indications/DBCOND0031553,Measles virus strain enders&#39; attenuated edmonston live antigen https://www.drugbank.ca/DB10315,Mumps virus strain b level jeryl lynn live antigen https://www.drugbank.ca/DB10316,Rubella virus vaccine https://www.drugbank.ca/DB10317
Bone Metastases https://www.drugbank.ca/indications/DBCOND0028830,Denosumab https://www.drugbank.ca/DB06643,Ibandronate https://www.drugbank.ca/DB00710,Testosterone enanthate https://www.drugbank.ca/DB13944,Zoledronic acid https://www.drugbank.ca/DB00399
Osteolytic Bone metastases https://www.drugbank.ca/indications/DBCOND0022211,Clodronic acid https://www.drugbank.ca/DB00720,Pamidronic acid https://www.drugbank.ca/DB00282
Painful skeletal metastases https://www.drugbank.ca/indications/DBCOND0024050,Strontium chloride Sr-89 https://www.drugbank.ca/DB09498
Soft Tissue Sarcoma (STS) https://www.drugbank.ca/indications/DBCOND0056871,Docetaxel https://www.drugbank.ca/DB01248,Doxorubicin https://www.drugbank.ca/DB00997,Ifosfamide https://www.drugbank.ca/DB01181,Methotrexate https://www.drugbank.ca/DB00563,Olaratumab https://www.drugbank.ca/DB06043,Sunitinib https://www.drugbank.ca/DB01268,Tasonermin https://www.drugbank.ca/DB11626,Temozolomide https://www.drugbank.ca/DB00853,Vinorelbine https://www.drugbank.ca/DB00361
Osteoblastic metastatic bone lesions https://www.drugbank.ca/indications/DBCOND0024053,Samarium (153Sm) lexidronam https://www.drugbank.ca/DB05273
Renal Cell Adenocarcinoma https://www.drugbank.ca/indications/DBCOND0055462,Nivolumab https://www.drugbank.ca/DB09035
Acne https://www.drugbank.ca/indications/DBCOND0019842,Benzoyl peroxide https://www.drugbank.ca/DB09096,Chloramphenicol https://www.drugbank.ca/DB00446,Clioquinol https://www.drugbank.ca/DB04815,Glycolic acid https://www.drugbank.ca/DB03085,Linoleic acid https://www.drugbank.ca/DB14104,Octasulfur https://www.drugbank.ca/DB09353,Salicylic acid https://www.drugbank.ca/DB00936,Silver https://www.drugbank.ca/DB12965,Spironolactone https://www.drugbank.ca/DB00421
Throat Pain https://www.drugbank.ca/indications/DBCOND0059047,Amylmetacresol https://www.drugbank.ca/DB13908,Benzocaine https://www.drugbank.ca/DB01086,Choline salicylate https://www.drugbank.ca/DB14006,DL-Methylephedrine https://www.drugbank.ca/DB11278,Dyclonine https://www.drugbank.ca/DB00645,Levomenthol https://www.drugbank.ca/DB00825,Ox bile extract https://www.drugbank.ca/DB14016,Phenol https://www.drugbank.ca/DB03255,Valproate bismuth https://www.drugbank.ca/DB13910
Diaper Rash https://www.drugbank.ca/indications/DBCOND0005733,Dimethicone 410 https://www.drugbank.ca/DB14005,Kaolin https://www.drugbank.ca/DB01575,Zinc https://www.drugbank.ca/DB01593,Zinc oxide https://www.drugbank.ca/DB09321
Prophylaxis of Sunburn https://www.drugbank.ca/indications/DBCOND0023866,Oxybenzone https://www.drugbank.ca/DB01428,Zinc oxide https://www.drugbank.ca/DB09321
Skin Irritation https://www.drugbank.ca/indications/DBCOND0062614,Aluminum hydroxide https://www.drugbank.ca/DB06723,Benzocaine https://www.drugbank.ca/DB01086,Camphor https://www.drugbank.ca/DB01744,Cinchocaine https://www.drugbank.ca/DB00527,Dimethicone 410 https://www.drugbank.ca/DB14005,Diphenhydramine https://www.drugbank.ca/DB01075,Fluconazole https://www.drugbank.ca/DB00196,Hydrocortisone acetate https://www.drugbank.ca/DB14539,Hydrocortisone probutate https://www.drugbank.ca/DB14543,Hydrocortisone succinate https://www.drugbank.ca/DB14545,Palmitic Acid https://www.drugbank.ca/DB03796,Pramocaine https://www.drugbank.ca/DB09345,Sodium Chloride https://www.drugbank.ca/DB09153,Sodium bicarbonate https://www.drugbank.ca/DB01390,Zinc https://www.drugbank.ca/DB01593,Zinc acetate https://www.drugbank.ca/DB14487,Zinc oxide https://www.drugbank.ca/DB09321
Coughing https://www.drugbank.ca/indications/DBCOND0024398,Alimemazine https://www.drugbank.ca/DB01246,Benzonatate https://www.drugbank.ca/DB00868,Chlorphenamine https://www.drugbank.ca/DB01114,Choline salicylate https://www.drugbank.ca/DB14006,Clofedanol https://www.drugbank.ca/DB04837,Codeine https://www.drugbank.ca/DB00318,Dextromethorphan https://www.drugbank.ca/DB00514,Dyclonine https://www.drugbank.ca/DB00645,Homatropine methylbromide https://www.drugbank.ca/DB00725,Hydrocodone https://www.drugbank.ca/DB00956,Levomenthol https://www.drugbank.ca/DB00825,Promethazine https://www.drugbank.ca/DB01069
Hypertrophic Obstructive Cardiomyopathy https://www.drugbank.ca/indications/DBCOND0068622,Ethanol https://www.drugbank.ca/DB00898
Fat occlusion in central venous catheter https://www.drugbank.ca/indications/DBCOND0022419,Ethanol https://www.drugbank.ca/DB00898
Methanol overdose https://www.drugbank.ca/indications/DBCOND0022421,Ethanol https://www.drugbank.ca/DB00898
Bacterial Infections https://www.drugbank.ca/indications/DBCOND0027917,Ampicillin https://www.drugbank.ca/DB00415,Avibactam https://www.drugbank.ca/DB09060,Bacitracin https://www.drugbank.ca/DB00626,Benzylpenicillin https://www.drugbank.ca/DB01053,Bronopol https://www.drugbank.ca/DB13960,Cefaclor https://www.drugbank.ca/DB00833,Cefadroxil https://www.drugbank.ca/DB01140,Cefazolin https://www.drugbank.ca/DB01327,Cefditoren https://www.drugbank.ca/DB01066,Cefepime https://www.drugbank.ca/DB01413,Cefotaxime https://www.drugbank.ca/DB00493,Cefotetan https://www.drugbank.ca/DB01330,Cefoxitin https://www.drugbank.ca/DB01331,Cefpodoxime https://www.drugbank.ca/DB01416,Cefprozil https://www.drugbank.ca/DB01150,Ceftaroline fosamil https://www.drugbank.ca/DB06590,Ceftazidime https://www.drugbank.ca/DB00438,Ceftibuten https://www.drugbank.ca/DB01415,Ceftriaxone https://www.drugbank.ca/DB01212,Cefuroxime https://www.drugbank.ca/DB01112,Chloramphenicol https://www.drugbank.ca/DB00446,Cilastatin https://www.drugbank.ca/DB01597,Clarithromycin https://www.drugbank.ca/DB01211,Clavulanic acid https://www.drugbank.ca/DB00766,Clindamycin https://www.drugbank.ca/DB01190,Cloxacillin https://www.drugbank.ca/DB01147,Colistimethate https://www.drugbank.ca/DB01111,Dalbavancin https://www.drugbank.ca/DB06219,Dalfopristin https://www.drugbank.ca/DB01764,Diazolidinylurea https://www.drugbank.ca/DB14173,Doripenem https://www.drugbank.ca/DB06211,Erythromycin https://www.drugbank.ca/DB00199,Ethanol https://www.drugbank.ca/DB00898,Gemifloxacin https://www.drugbank.ca/DB01155,Gentamicin https://www.drugbank.ca/DB00798,Hexachlorophene https://www.drugbank.ca/DB00756,Imipenem https://www.drugbank.ca/DB01598,Levofloxacin https://www.drugbank.ca/DB01137,Linezolid https://www.drugbank.ca/DB00601,Meropenem https://www.drugbank.ca/DB00760,Metronidazole https://www.drugbank.ca/DB00916,Minocycline https://www.drugbank.ca/DB01017,Nafcillin https://www.drugbank.ca/DB00607,Neomycin https://www.drugbank.ca/DB00994,Ofloxacin https://www.drugbank.ca/DB01165,Phenoxymethylpenicillin https://www.drugbank.ca/DB00417,Polymyxin B sulfate https://www.drugbank.ca/DB00781,Probenecid https://www.drugbank.ca/DB01032,Procaine benzylpenicillin https://www.drugbank.ca/DB09320,Quinupristin https://www.drugbank.ca/DB01369,Rifaximin https://www.drugbank.ca/DB01220,Spiramycin https://www.drugbank.ca/DB06145,Streptomycin https://www.drugbank.ca/DB01082,Sulbactam https://www.drugbank.ca/DB09324,Sulfamethoxazole https://www.drugbank.ca/DB01015,Tedizolid phosphate https://www.drugbank.ca/DB09042,Telavancin https://www.drugbank.ca/DB06402,Tetracycline https://www.drugbank.ca/DB00759,Tigecycline https://www.drugbank.ca/DB00560
Mild Pain NOS https://www.drugbank.ca/indications/DBCOND0093533,Acetaminophen https://www.drugbank.ca/DB00316,Choline magnesium trisalicylate https://www.drugbank.ca/DB01401,Codeine https://www.drugbank.ca/DB00318,Diflunisal https://www.drugbank.ca/DB00861,Fenoprofen https://www.drugbank.ca/DB00573,Ibuprofen https://www.drugbank.ca/DB01050,Levomenthol https://www.drugbank.ca/DB00825,Meclofenamic acid https://www.drugbank.ca/DB00939,Mefenamic acid https://www.drugbank.ca/DB00784,Pentazocine https://www.drugbank.ca/DB00652
Sunburn https://www.drugbank.ca/indications/DBCOND0005372,Amiloxate https://www.drugbank.ca/DB11207,Avobenzone https://www.drugbank.ca/DB09495,Bemotrizinol https://www.drugbank.ca/DB11206,Benzocaine https://www.drugbank.ca/DB01086,Benzophenone https://www.drugbank.ca/DB01878,Bisoctrizole https://www.drugbank.ca/DB11262,Camphor https://www.drugbank.ca/DB01744,Diethylamino hydroxybenzoyl hexyl benzoate https://www.drugbank.ca/DB11269,Diethyltoluamide https://www.drugbank.ca/DB11282,Dioxybenzone https://www.drugbank.ca/DB11221,Drometrizole trisiloxane https://www.drugbank.ca/DB11585,Ecamsule https://www.drugbank.ca/DB09534,Ethylhexyl methoxycrylene https://www.drugbank.ca/DB11226,Homosalate https://www.drugbank.ca/DB11064,Octinoxate https://www.drugbank.ca/DB09496,Octisalate https://www.drugbank.ca/DB11062,Octocrylene https://www.drugbank.ca/DB09535,Oxybenzone https://www.drugbank.ca/DB01428,Peg-100 stearate https://www.drugbank.ca/DB11225,Polysilicone-15 https://www.drugbank.ca/DB11271,Titanium dioxide https://www.drugbank.ca/DB09536,Zinc https://www.drugbank.ca/DB01593,Zinc oxide https://www.drugbank.ca/DB09321
Ethylene glycol overdose https://www.drugbank.ca/indications/DBCOND0022418,Ethanol https://www.drugbank.ca/DB00898
"Prophylaxis of infection in minor cuts, scrapes, or burns https://www.drugbank.ca/indications/DBCOND0021992",Bacitracin https://www.drugbank.ca/DB00626,Cefuroxime https://www.drugbank.ca/DB01112,Ethanol https://www.drugbank.ca/DB00898,Hexachlorophene https://www.drugbank.ca/DB00756,Levofloxacin https://www.drugbank.ca/DB01137
